Workbook
Name 머릿글: TestCase!$B$1:$K$1

Sheet TestCase
A1: No | B1: 대분류 | C1: 중분류 | D1: 소분류 | E1: 테스트 시나리오 | F1: 테스트 조건 | G1: 실행 순서 | H1: Pass Result | I1: P/F | J1: 실제 결과 | K1: 비고 | L1: Tag
A2: =ROW()-2 -> 0 | B2: 게임실행 | C2: 실행 | D2: 게임실행 | E2: 클라이언트를 실행한다 | G2: 1. "Operation:Snackstorm.exe" 파일실행 | H2: 타이틀 화면이 정상적으로 표시 | I2: Pass | J2: 실행됨 | K2: Pass: 테스트 성공 | L2: =IF(B2="",L1,B2) -> 게임실행
C3: 실행 | D3: 버전확인 | E3: 타이틀 하단에 표시되는 빌드 버전이 문서의 버전과 일치하는지 확인한다 | F3: 타이틀화면 진입 | G3: 1. 하단 버전 표기 확인 | H3: 빌드 버전이 기획문서와 동일하다 | I3: Fail | J3: 안나옴 | K3: 안함
C4: 윈도우기능 | D4: 제목/아이콘 표시 | E4: 좁은창에서 제목표시줄 내용을 확인한다 | F4: 타이틀화면 진입 | G4: 1. 윈도우 타이틀바를 확인한다 | H4: 된다. | I4: Block | J4: 안나옴 | K4: 타이틀 없음 | L4: =IF(B5="",L2,B5) -> 게임실행
A5: =ROW()-2 -> 3 | E5: 넓은창에서 제목표시줄을 내용을 확인한다 | F5: 타이틀화면 진입 | G5: 1. 윈도우 타이틀바를 확인한다 | H5: 된다 | I5: Block | J5: 안나옴 | K5: 작은 타이틀 없음 | L5: =IF(B6="",L4,B6) -> 게임실행
A6: =ROW()-2 -> 4 | D6: 최소화 | E6: 윈도우를 최소화 후 복귀한다 | F6: 인게임 시작전 | G6: 1. 윈도우 최소화버튼 클릭 2. 윈도우 작업표시줄에서 클릭 | H6: 1. 게임이 최소화 되었다 복구된다 | I6: N/A | J6: 나옴 | K6: 성공 | L6: =IF(B7="",L5,B7) -> 게임실행
A7: =ROW()-2 -> 5 | E7: 게임중 윈도우를 최소화 후 복귀한다 | F7: 인게임 시작후 | G7: 1. 윈도우 최소화버튼 클릭 2. 일정 시간 대기(대략 3초) 2. 윈도우 작업표시줄에서 지뢰찾기 클릭 | H7: 1. 게임이 최소화 되었다 복구된다 2. 진행중이던 게임의 카운터가 최소화 시간 동안 멈춰있는다 | I7: N/T | J7: 돌아옴 | K7: 성공 | L7: =IF(B9="",L6,B9) -> 게임실행
D8: 종료 | E8: Alt+F4를 눌러 즉시 끈다 | G8: 1. 윈도우 최소화버튼 클릭 | H8: 1. 게임이 최소화 되었다 복구된다 2. 진행중이던 게임의 카운터가 최소화 시간 동안 멈춰있는다 | I8: Pass | J8: 꺼진다 | K8: 성공
A9: =ROW()-2 -> 7 | D9: 닫기 | E9: 윈도우를 닫는다 | G9: 1. 윈도우 닫기 | H9: 1. 게임이 최소화 되었다 복구된다 2. 진행중이던 게임의 카운터가 최소화 시간 동안 멈춰있는다 | I9: Pass | J9: 된다 | K9: 성공 | L9: =IF(B10="",L7,B10) -> 게임실행
A10: =ROW()-2 -> 8 | D10: 이름 생성 | E10: 이름을 입력한다 | G10: 1.이름을 입력한다 | H10: 다음화면으로 넘어간다 | I10: Pass | J10: 입력한다 | K10: 성공 | L10: =IF(B11="",L9,B11) -> 메뉴기능
A11: =ROW()-2 -> 9 | B11: 메뉴기능 | C11: 로비 | D11: 방생성 | E11: 방을 생성한다 | F11: 이름을 생성한 후 | G11: 1.방 생성을 한후 2.이름을 입력한다 3.생성을 누른다 | H11: 대기실 화면이 보인다 | I11: Pass | J11: 방을 생성했다 | K11: 성공 | L11: =IF(B12="",L10,B12) -> 메뉴기능
A12: =ROW()-2 -> 10 | D12: 방찾기 | E12: 방을 들어간다 | F12: 이미 생성된 방이 있을경우 | G12: 1.대기실을 누른다 | H12: 대기실 화면이 보인다 | I12: Pass | J12: 방에 들어갔다 | K12: 성공 | L12: =IF(B13="",L11,B13) -> 메뉴기능
A13: =ROW()-2 -> 11 | D13: 네트워크 끊김 복구 | E13: 연결이 끊겼을 때 다시 연결되는지 확인한다 | G13: 1. 기다린다 | H13: 다시 연결된다 | I13: N/T | J13: 연결 못 끊음 | K13: 다행 | L13: =IF(B14="",L12,B14) -> 메뉴기능
A14: =ROW()-2 -> 12 | D14: 행동 취소 | E14: 행동을 취소한다 | F14: 생성을 하기 전에 | G14: 1.esc를 누른다 2.x ui를 누른다 | H14: ui 창이 꺼진다. | I14: Pass | J14: 안됨 | K14: 안함 | L14: =IF(B15="",L13,B15) -> 인게임기능
A15: =ROW()-2 -> 13 | B15: 인게임기능 | C15: 1라운드 | D15: 게임시작 | E15: 1라운드가 시작한다 | F15: 대기실에 들어간 후 | H15: 타이머 작동 | I15: Pass | J15: 타이머 작동 | K15: 성공 | L15: =IF(B16="",L14,B16) -> 인게임기능
A16: =ROW()-2 -> 14 | D16: 카운트 | E16: 게임 카운트가 시작된다 | F16: 인게임 시작전 | G16: 1. 오른쪽 상단에 숫자가 준다 | H16: 숫자가 줄어든다 | I16: Pass | J16: 90초부터 하락 | K16: 성공 | L16: =IF(B17="",L15,B17) -> 인게임기능
A17: =ROW()-2 -> 15 | E17: 타이머가 종료되는가 | F17: 인게임 시작후 | G17: 1. 오른쪽 상단에 숫자가 0가 된다. | H17: 숫자가 0이 되고 다음 라운드를 기다린다 | I17: Pass | J17: 종료된다 | K17: 성공 | L17: =IF(B18="",L16,B18) -> 인게임기능
A18: =ROW()-2 -> 16 | D18: 아이템 구매 | E18: 매점 아이템을 구매한다 | G18: 1.매점에서 npc를 클릭한다 2.살 아이템을 고른다. | H18: 아이템이 나온다 | I18: Pass | J18: 아이템이 나온다 | K18: 성공 | L18: =IF(B19="",L17,B19) -> 인게임기능
A19: =ROW()-2 -> 17 | E19: 자판기 아이템을 구매한다 | G19: 1. 자판기를 클릭한다. 2. 살 간식의 버튼을 누른다 | H19: 아이템이 나온다 | I19: N/A | J19: 자판기가 없다 | K19: 제작중 | L19: =IF(B21="",L18,B21) -> 인게임기능
D20: 인벤토리 | E20: 인벤토리가 열린다 | G20: e키를 누른다 | H20: ui 가 뜬다 | I20: Pass | J20: ui가 열린다 | K20: 성공
A21: =ROW()-2 -> 19 | E21: 인벤토리가 제한 된다 | G21: 1. 간식을 먹어 아이템을 다 채운다. 2.e키를 눌러 확인한다. 3. 아이템을 본다 | H21: 아이템이 먹어지지 않는다 | I21: Pass | J21: 제한된다 | K21: 성공 | L21: =IF(B22="",L19,B22) -> 인게임기능
A22: =ROW()-2 -> 20 | D22: 아이템 드랍 | E22: 아이템을 드랍한다 | F22: 아이템을 먹은 후 | G22: 1.e키를 눌러 인벤토리를 연다. 2.떨어뜨릴 아이템을 누른다 | H22: 아이템을 손에 든다 | I22: N/A | J22: 클릭이 안됨 | K22: 제작중 | L22: =IF(B23="",L21,B23) -> 인게임기능
A23: =ROW()-2 -> 21 | E23: 드랍된 아이템을 회수할 수 있다 | G23: 1.인벤토리에서 아이템을 든다. 2. 아이템을 떨어뜨린다. 3. 아이템을 집는다 | H23: 아이템이 인벤토리에 들어온다 | I23: Block | J23: 드랍이 안됨 | K23: 제작중 | L23: =IF(B24="",L22,B24) -> 인게임기능
A24: =ROW()-2 -> 22 | D24: 상벌점 | E24: 벌점이 부여된다 | G24: 1. 미니게임을 한다, 1.규칙을 위반한다. 2. 벌점을 받는다 | H24: 벌점이 부여된 ui 가 뜬다 | I24: N/A | J24: 없음 | K24: 제작중 | L24: =IF(B25="",L23,B25) -> 인게임기능
A25: =ROW()-2 -> 23 | E25: 상점이 부여된다 | G25: 1. 미니게임을 한다, 2. 성공한다 | H25: 상점이 부여된 ui가 뜬다 | I25: N/A | J25: 없음 | K25: 제작중 | L25: =IF(B26="",L24,B26) -> 인게임기능
A26: =ROW()-2 -> 24 | D26: 점수 | E26: 점수판이 나온다 | G26: 라운드가 전부 끝난다 | H26: 적용된 결과가 나온다 | I26: Pass | J26: 결과가 나온다 | K26: 성공 | L26: =IF(B27="",#REF!,B27) -> #REF!
A27: =ROW()-2 -> 25 | D27: 미니게임 | E27: 미니게임이 진행된다 | G27: 시간이 끝날 때 까지 게임 진행 | H27: 된다 | I27: Pass | J27: 된다 | K27: 제작중 | L27: =IF(B28="",L26,B28) -> #REF!
A28: =ROW()-2 -> 26 | D28: ai | E28: ai가 인식한다 | G28: npc 만날 때 까지 게임 진행 | H28: npc 가 따라오기 시작 | I28: Pass | J28: npc가 따라옴 | K28: 성공 | L28: =IF(B29="",L27,B29) -> #REF!
A29: =ROW()-2 -> 27 | E29: ai가 움직인다 | G29: 1. npc를 만난다 2.npc 범위 안으로 들어간다 | H29: npc가 움직인다 | I29: Pass | J29: npc가 움직임 | K29: 성공
A30: =ROW()-2 -> 28 | E30: ai에게 잡힌다 | G30: 1. npc 범위 안으로 들어간다. 2. npc와 가까워진다. | H30: 교실로 돌아와지고 아이템이 사라진다. | I30: N/A | J30: 통과하여 지나감 | K30: 제작중 | L30: =IF(B30="",L29,B30) -> 0
C31: 2라운드 | D31: 리셋 | E31: 인벤토리의 아이템이 리셋된다 | F31: 1라운드가 끝났을 때 | G31: 1. 2라운드에 인벤토리를 확인한다 | H31: 아이템이 전부 사라진다 | I31: Pass | J31: 아이템이 사라짐 | K31: 성공 | L31: =IF(B32="",L30,B32) -> 0
E32: 툴바의 아이템을 확인한다. | F32: 1라운드가 끝났을 때 | G32: 1. 2라운드에 툴바를 확인한다. | H32: 아이템이 적용되고 돌아온다 | I32: N/A | J32: 개수가 안나옴 | K32: 제작중 | L32: =IF(B33="",L31,B33) -> 0
A33: =ROW()-2 -> 31 | D33: 게임시작 | E33: 2라운드가 시작한다 | F33: 대기실에 들어간 후 | H33: 타이머 작동 | I33: Pass | J33: 타이머 작동 | K33: 성공 | L33: =IF(B34="",#REF!,B34) -> #REF!
A34: =ROW()-2 -> 32 | D34: 카운트 | E34: 게임 카운트가 시작된다 | F34: 인게임 시작전 | G34: 1. 오른쪽 상단에 숫자가 준다 | H34: 숫자가 줄어든다 | I34: Pass | J34: 90초부터 하락 | K34: 성공 | L34: =IF(B35="",L33,B35) -> #REF!
A35: =ROW()-2 -> 33 | E35: 타이머가 종료되는가 | F35: 인게임 시작후 | G35: 1. 오른쪽 상단에 숫자가 0가 된다. | H35: 숫자가 0이 되고 다음 라운드를 기다린다 | I35: Pass | J35: 종료된다 | K35: 성공 | L35: =IF(B36="",L34,B36) -> #REF!
A36: =ROW()-2 -> 34 | D36: 아이템 구매 | E36: 매점 아이템을 구매한다 | G36: 1.매점에서 npc를 클릭한다 2.살 아이템을 고른다. | H36: 아이템이 나온다 | I36: Pass | J36: 아이템이 나온다 | K36: 성공 | L36: =IF(B37="",L35,B37) -> #REF!
A37: =ROW()-2 -> 35 | E37: 자판기 아이템을 구매한다 | G37: 1. 자판기를 클릭한다. 2. 살 간식의 버튼을 누른다 | H37: 아이템이 나온다 | I37: N/A | J37: 자판기가 없다 | K37: 제작중 | L37: =IF(B39="",L36,B39) -> #REF!
A38: =ROW()-2 -> 36 | D38: 인벤토리 | E38: 인벤토리가 열린다 | G38: e키를 누른다 | H38: ui 가 뜬다 | I38: Pass | J38: ui가 열린다 | K38: 성공 | L38: =IF(B39="",L37,B39) -> #REF!
A39: =ROW()-2 -> 37 | E39: 인벤토리가 제한 된다 | G39: 1. 간식을 먹어 아이템을 다 채운다. 2.e키를 눌러 확인한다. 3. 아이템을 본다 | H39: 아이템이 먹어지지 않는다 | I39: Pass | J39: 제한된다 | K39: 성공 | L39: =IF(B40="",L37,B40) -> #REF!
A40: =ROW()-2 -> 38 | D40: 아이템 드랍 | E40: 아이템을 드랍한다 | F40: 아이템을 먹은 후 | G40: 1.e키를 눌러 인벤토리를 연다. 2.떨어뜨릴 아이템을 누른다 | H40: 아이템을 손에 든다 | I40: N/A | J40: 클릭이 안됨 | K40: 제작중 | L40: =IF(B41="",L39,B41) -> #REF!
A41: =ROW()-2 -> 39 | E41: 드랍된 아이템을 회수할 수 있다 | G41: 1.인벤토리에서 아이템을 든다. 2. 아이템을 떨어뜨린다. 3. 아이템을 집는다 | H41: 아이템이 인벤토리에 들어온다 | I41: Block | J41: 드랍이 안됨 | K41: 제작중 | L41: =IF(B42="",L40,B42) -> #REF!
A42: =ROW()-2 -> 40 | D42: 상벌점 | E42: 벌점이 부여된다 | G42: 1. 미니게임을 한다, 1.규칙을 위반한다. 2. 벌점을 받는다 | H42: 벌점이 부여된 ui 가 뜬다 | I42: N/A | J42: 없음 | K42: 제작중 | L42: =IF(B43="",L41,B43) -> #REF!
A43: =ROW()-2 -> 41 | E43: 상점이 부여된다 | G43: 1. 미니게임을 한다, 2. 성공한다 | H43: 상점이 부여된 ui가 뜬다 | I43: N/A | J43: 없음 | K43: 제작중 | L43: =IF(#REF!="",L42,#REF!) -> #REF!
A44: =ROW()-2 -> 42 | D44: 점수 | E44: 점수판이 나온다 | F44: 라운드가 끝난 후 | G44: 라운드가 전부 끝난다 | H44: 적용된 결과가 나온다 | I44: Pass | J44: 결과가 나온다 | K44: 성공 | L44: =IF(B45="",#REF!,B45) -> #REF!
A45: =ROW()-2 -> 43 | D45: 미니게임 | E45: 미니게임이 진행된다 | G45: 시간이 끝날 때 까지 게임 진행 | H45: 된다 | I45: N/A | J45: 된다 | K45: 제작중 | L45: =IF(B46="",L44,B46) -> #REF!
A46: =ROW()-2 -> 44 | D46: ai | E46: ai가 인식한다 | G46: npc 만날 때 까지 게임 진행 | H46: npc 가 따라오기 시작 | I46: Pass | J46: npc가 따라옴 | K46: 성공 | L46: =IF(B47="",L45,B47) -> #REF!
A47: =ROW()-2 -> 45 | E47: ai가 움직인다 | G47: 1. npc를 만난다 2.npc 범위 안으로 들어간다 | H47: npc가 움직인다 | I47: Pass | J47: npc가 움직임 | K47: 성공 | L47: =IF(B48="",L46,B48) -> #REF!
A48: =ROW()-2 -> 46 | E48: ai에게 잡힌다 | G48: 1. npc 범위 안으로 들어간다. 2. npc와 가까워진다. | H48: 교실로 돌아와지고 아이템이 사라진다. | I48: N/A | J48: 통과하여 지나감 | K48: 제작중 | L48: =IF(B49="",L47,B49) -> #REF!
A49: =ROW()-2 -> 47 | C49: 3라운드 | D49: 리셋 | E49: 인벤토리의 아이템이 리셋된다 | F49: 2라운드가 끝났을 때 | G49: 1. 3라운드에 인벤토리를 확인한다 | H49: 아이템이 전부 사라진다 | I49: Pass | J49: 아이템이 사라짐 | K49: 성공 | L49: =IF(B50="",#REF!,B50) -> #REF!
A50: =ROW()-2 -> 48 | E50: 툴바의 아이템을 확인한다. | F50: 2라운드가 끝났을 때 | G50: 1. 3라운드에 툴바를 확인한다. | H50: 아이템이 적용되고 돌아온다 | I50: Pass | J50: 개수가 안나옴 | K50: 제작중 | L50: =IF(B51="",L49,B51) -> #REF!
A51: =ROW()-2 -> 49 | D51: 게임시작 | E51: 3라운드가 시작한다 | F51: 대기실에 들어간 후 | H51: 타이머 작동 | I51: Pass | J51: 타이머 작동 | K51: 성공 | L51: =IF(B52="",L50,B52) -> #REF!
A52: =ROW()-2 -> 50 | D52: 카운트 | E52: 게임 카운트가 시작된다 | F52: 인게임 시작전 | G52: 1. 오른쪽 상단에 숫자가 준다 | H52: 숫자가 줄어든다 | I52: Pass | J52: 90초부터 하락 | K52: 성공 | L52: =IF(B53="",L51,B53) -> #REF!
A53: =ROW()-2 -> 51 | E53: 타이머가 종료되는가 | F53: 인게임 시작후 | G53: 1. 오른쪽 상단에 숫자가 0가 된다. | H53: 숫자가 0이 되고 다음 라운드를 기다린다 | I53: Pass | J53: 종료된다 | K53: 성공 | L53: =IF(B55="",L52,B55) -> #REF!
A54: =ROW()-2 -> 52 | D54: 아이템 구매 | E54: 매점 아이템을 구매한다 | G54: 1.매점에서 npc를 클릭한다 2.살 아이템을 고른다. | H54: 아이템이 나온다 | I54: Pass | J54: 아이템이 나온다 | K54: 성공
A55: =ROW()-2 -> 53 | E55: 자판기 아이템을 구매한다 | G55: 1. 자판기를 클릭한다. 2. 살 간식의 버튼을 누른다 | H55: 아이템이 나온다 | I55: N/A | J55: 자판기가 없다 | K55: 제작중 | L55: =IF(B56="",L53,B56) -> #REF!
A56: =ROW()-2 -> 54 | D56: 인벤토리 | E56: 인벤토리가 열린다 | G56: e키를 누른다 | H56: ui 가 뜬다 | I56: Pass | J56: ui가 열린다 | K56: 성공 | L56: =IF(B57="",L55,B57) -> #REF!
A57: =ROW()-2 -> 55 | E57: 인벤토리가 제한 된다 | G57: 1. 간식을 먹어 아이템을 다 채운다. 2.e키를 눌러 확인한다. 3. 아이템을 본다 | H57: 아이템이 먹어지지 않는다 | I57: Pass | J57: 제한된다 | K57: 성공 | L57: =IF(B58="",L56,B58) -> #REF!
A58: =ROW()-2 -> 56 | D58: 아이템 드랍 | E58: 아이템을 드랍한다 | F58: 아이템을 먹은 후 | G58: 1.e키를 눌러 인벤토리를 연다. 2.떨어뜨릴 아이템을 누른다 | H58: 아이템을 손에 든다 | I58: N/A | J58: 클릭이 안됨 | K58: 제작중 | L58: =IF(B59="",L57,B59) -> #REF!
A59: =ROW()-2 -> 57 | E59: 드랍된 아이템을 회수할 수 있다 | G59: 1.인벤토리에서 아이템을 든다. 2. 아이템을 떨어뜨린다. 3. 아이템을 집는다 | H59: 아이템이 인벤토리에 들어온다 | I59: Block | J59: 드랍이 안됨 | K59: 제작중 | L59: =IF(#REF!="",L58,#REF!) -> #REF!
A60: =ROW()-2 -> 58 | D60: 상벌점 | E60: 벌점이 부여된다 | G60: 1. 미니게임을 한다, 1.규칙을 위반한다. 2. 벌점을 받는다 | H60: 벌점이 부여된 ui 가 뜬다 | I60: N/A | J60: 없음 | K60: 제작중 | L60: =IF(#REF!="",#REF!,#REF!) -> #REF!
A61: =ROW()-2 -> 59 | E61: 상점이 부여된다 | G61: 1. 미니게임을 한다, 2. 성공한다 | H61: 상점이 부여된 ui가 뜬다 | I61: N/A | J61: 없음 | K61: 제작중 | L61: =IF(B62="",L60,B62) -> #REF!
A62: =ROW()-2 -> 60 | D62: 점수 | E62: 점수판이 나온다 | F62: 라운드가 끝난 후 | G62: 라운드가 전부 끝난다 | H62: 적용된 결과가 나온다 | I62: Pass | J62: 결과가 나온다 | K62: 성공 | L62: =IF(B63="",L61,B63) -> #REF!
A63: =ROW()-2 -> 61 | D63: 미니게임 | E63: 미니게임이 진행된다 | G63: 시간이 끝날 때 까지 게임 진행 | H63: 된다 | I63: N/A | J63: 된다 | K63: 제작중
A64: =ROW()-2 -> 62 | D64: ai | E64: ai가 인식한다 | G64: npc 만날 때 까지 게임 진행 | H64: npc 가 따라오기 시작 | I64: Pass | J64: npc가 따라옴 | K64: 성공 | L64: =IF(B61="",L63,B61) -> 0
A65: =ROW()-2 -> 63 | E65: ai가 움직인다 | G65: 1. npc를 만난다 2.npc 범위 안으로 들어간다 | H65: npc가 움직인다 | I65: Pass | J65: npc가 움직임 | K65: 성공
A66: =ROW()-2 -> 64 | E66: ai에게 잡힌다 | G66: 1. npc 범위 안으로 들어간다. 2. npc와 가까워진다. | H66: 교실로 돌아와지고 아이템이 사라진다. | I66: N/A | J66: 통과하여 지나감 | K66: 제작중
A67: =ROW()-2 -> 65 | B67: 네트워크 | C67: 라운드 진행 | D67: 맵 | E67: 충돌이 일어난다 | F67: 벽에 부딪혔을 때 | G67: 1. 벽에 붙는다 | H67: 그대로 멈춘다 | I67: Pass | L67: =IF(B68="",#REF!,B68) -> #REF!
A68: =ROW()-2 -> 66 | E68: 교장실 안으로 들어간다 | F68: 교장실 문이 열려있을 때 | G68: 1. 교장실 문이 열려있다. 2. 교장실 안으로 들어간다 | H68: 교장실 안으로 들어간다 | I68: N/A | J68: 교장실없음 | K68: 제작중 | L68: =IF(B69="",L67,B69) -> #REF!
A69: =ROW()-2 -> 67 | E69: 라운드가 끝나고 교실로 돌아온다 | F69: 라운드가 끝난 후 | G69: 1.라운드를 진행한다. | H69: 교실로 돌아와진다. | I69: N/A | J69: 교실로 돌아와진다 | K69: 제작중 | L69: =IF(B70="",L68,B70) -> #REF!
A70: =ROW()-2 -> 68 | C70: 이벤트 | D70: 소화기 | E70: 소화기가 터진다 | F70: 소화기에 다가갔을 때 | G70: 1. 소화기에 다가간다 2.앞이 뿌애진다 | H70: 앞이 뿌애진다 | I70: Pass | J70: 앞이 뿌애진다 | L70: =IF(B71="",L69,B71) -> #REF!
A71: =ROW()-2 -> 69 | E71: 소화기의 연기가 사라진다 | F71: 소화기가 터졌을 때 | G71: 1.기다린다. 2.연기가 사라진다 | H71: 된다 | I71: Pass | J71: 된다 | L71: =IF(B73="",L70,B73) -> #REF!
A72: =ROW()-2 -> 70 | E72: 소화기의 연기가 다른 플레이어의 시야를 가린다 | F72: 소화기가 터졌을 때 | G72: 1.근처에 플레이어와 함께 있을 때 소화기를 터트린다. 2. 플레이어의 반응을 지켜본다 | H72: 앞이 뿌애진다 | I72: Pass | J72: 앞이 뿌애진다
A73: =ROW()-2 -> 71 | E73: npc가 따라오는 걸 멈춘다 | F73: 소화기가 터졌을 때 | G73: 1. npc가 따라오는 중에 소화기를 터트린다 2.npc가 행동을 멈춘다 | H73: 된다 | I73: Pass | J73: 된다 | K73: 성공 | L73: =IF(B74="",L71,B74) -> #REF!
A74: =ROW()-2 -> 72 | D74: 인벤토리 | E74: 이벤트 누락방지 | F74: 이벤트가 동시에 진행될 떄 | G74: 1.이벤트가 동시에 진행된다. 2. 진행한다. 3. 끝낸다 | H74: 이벤트들이 겹쳐서 오류가뜨지 않는다. | I74: N/A | J74: 확인불가 | K74: 이벤트가 없음 | L74: =IF(B75="",L73,B75) -> #REF!
A75: =ROW()-2 -> 73 | D75: 점수 | E75: 점수보정 | F75: 이벤트 중 아이템 획득 시 | G75: 1. 이벤트를 진행한다. 2. 아이템을 획득한다 | H75: 인벤토리에 들어온다 | I75: N/A | J75: 확인불가 | K75: 이벤트가 없음 | L75: =IF(B76="",L74,B76) -> #REF!
A76: =ROW()-2 -> 74 | D76: 아이템 드랍 | E76: 시간제한 | F76: 시간 제한이 있는 이벤트 발동 | G76: 1.이벤트를 진행한다. 2. 이벤트 진행후 타이머가 사라지는 지확인한다 | H76: 타이머가 사라진다 | I76: Pass | J76: 확인불가 | K76: 제작중 | L76: =IF(B77="",L75,B77) -> #REF!
A77: =ROW()-2 -> 75 | C77: 동기화 | D77: 위치 | E77: 두 플레이어 간 위치 동기화 확인 | F77: 2인 이상방 | G77: 1.이동비교 | H77: 두명 다 같다 | I77: Pass | J77: 두명 다 같다 | L77: =IF(#REF!="",L76,#REF!) -> #REF!
A78: =ROW()-2 -> 76 | D78: 아이템 획득 | E78: 동시에 아이템 획득 시 | F78: 플레이어 간 동기화 | G78: 1. 아이템 접근 2. 아이템 획득 | H78: 아이템 획득 시 사라진다 | I78: Pass | J78: 방장이 먹는다 | K78: 성공 | L78: =IF(B79="",#REF!,B79) -> #REF!
A79: =ROW()-2 -> 77 | D79: 라운드 진행 | E79: npc 추격 동기화 | F79: npc 추격 | G79: 1. npc가 따라오게 한다 | H79: 같은 타이밍에 한사람만 따라간다 | I79: Pass | J79: 같다 | L79: =IF(B80="",L78,B80) -> #REF!
A80: =ROW()-2 -> 78 | E80: 라운드 시작이 같다 | F80: 라운드 시작 | G80: 라운드 타이머가 돌아가는 타이밍이 같다 | H80: 타이머가 같다 | I80: Pass | J80: 타이머가 같다 | L80: =IF(B81="",L79,B81) -> #REF!
A81: =ROW()-2 -> 79 | E81: 라운드 종료 | F81: 라운드 종료 | G81: 1.타이머가 끝난다 2.현 라운드가 끝이 난다 | H81: 된다. | I81: Pass | J81: 된다
A82: =ROW()-2 -> 80 | E82: 아이템 드랍 동기화 | F82: 아이템을 떨어뜨린 후 | G82: 1.아이템을 떨어뜨린다. 2. 아이템이 바닥에 떨어진다 | H82: 바닥에 떨어진 아이템 확인 | I82: Pass | J82: 떨어진 아이템이 같다 | L82: =IF(B82="",L81,B82) -> 0
A83: =ROW()-2 -> 81 | E83: 점수판의 데이터가 같다 | F83: 라운드 종료 | G83: 1. 라운드가 종료된다. 2.플레이어 간의 점수가 같다 | H83: 된다 | I83: Pass | J83: 같다
A84: =ROW()-2 -> 82 | E84: 호스트변경 | F84: 서버의 주인이 나갈 시 | G84: 1.클라이언트가 나간다. 2.다른 사람이 클라이언트가 된다 | H84: 클라이언트가 된다. | I84: Pass | J84: 클라이언트가 된다
A85: =ROW()-2 -> 83 | E85: 비정상 종료 | F85: 항명이 나간다 | G85: 1.남은 한명이 서버유지 | H85: 유지된다 | I85: Pass | J85: 유지된다 | L85: =IF(B85="",L84,B85) -> 0
A86: =ROW()-2 -> 84 | E86: 이벤트 동기화 | F86: 이벤트가 일어난다 | G86: 1. 이벤트가 일어난다. 2. 다른 플레이어는 이벤트중인 npc및 플레이어가 보인다 | H86: 된다. | I86: Pass | J86: 된다
A87: =ROW()-2 -> 85 | C87: 성능 | D87: 프레임 유지 | E87: 인게임에서 평균 60프레임 이상 유지되는가 | F87: 권장사항에 맞춰서 | G87: 1.게임을 진행한다 | H87: 된다 | I87: Pass | J87: 유지된다
A88: =ROW()-2 -> 86 | D88: 백그라운드 복귀 | E88: alt+tab 후 복귀 시 성능변화 확인 | F88: 게임실행중 | G88: 1.창을 변경한다 2. 돌아온다 | H88: 된다 | I88: Pass | J88: 된다 | L88: =IF(B88="",L87,B88) -> 0
A89: =ROW()-2 -> 87 | D89: gpu 온도 상승 | E89: 20분 플레이 후 온도확인 | F89: 사양 확인 | G89: 1. 온도 로그 확인 | H89: 낮다 | I89: Pass | J89: 낮다
A90: =ROW()-2 -> 88 | D90: 라운드 반복 로딘 | E90: 10회 연속 재시작 후 안정성 | F90: 일반사양 pc | G90: 1.반복플레이 | H90: 괜찮다. | I90: Pass | J90: 안정적

Sheet TC MAP
A1: 테스트케이스 현황
A2: 분류 | B2: 개수 | C2: 비율 | D2: Pass | E2: Fail | F2: N/A | G2: Block | H2: N/T | I2: Total | J2: Total(%)
A3: 게임실행 | B3: 9 | C3: =IFERROR(B3/$B$7,0) -> 0.1011236 | D3: 4 | E3: 1 | F3: =COUNTIFS(TestCase!$I:$I,"*"&F$2&"*",TestCase!$L:$L,$A3) -> 1 | G3: =COUNTIFS(TestCase!$I:$I,"*"&G$2&"*",TestCase!$L:$L,$A3) -> 2 | H3: =COUNTIFS(TestCase!$I:$I,"*"&H$2&"*",TestCase!$L:$L,$A3) -> 1 | I3: 9 | J3: =I3/B3 -> 1
A4: 메뉴기능 | B4: =COUNTIF(TestCase!L:L,A4) -> 4 | C4: =IFERROR(B4/$B$7,0) -> 0.04494382 | D4: =COUNTIFS(TestCase!$I:$I,"*"&D$2&"*",TestCase!$L:$L,$A4) -> 3 | E4: =COUNTIFS(TestCase!$I:$I,"*"&E$2&"*",TestCase!$L:$L,$A4) -> 0 | F4: =COUNTIFS(TestCase!$I:$I,"*"&F$2&"*",TestCase!$L:$L,$A4) -> 0 | G4: =COUNTIFS(TestCase!$I:$I,"*"&G$2&"*",TestCase!$L:$L,$A4) -> 0 | H4: =COUNTIFS(TestCase!$I:$I,"*"&H$2&"*",TestCase!$L:$L,$A4) -> 1 | I4: =SUM(D4:H4) -> 4 | J4: =I4/B4 -> 1
A5: 인게임기능 | B5: 52 | C5: =IFERROR(B5/$B$7,0) -> 0.58426966 | D5: 31 | E5: =COUNTIFS(TestCase!$I:$I,"*"&E$2&"*",TestCase!$L:$L,$A5) -> 0 | F5: 18 | G5: 3 | H5: =COUNTIFS(TestCase!$I:$I,"*"&H$2&"*",TestCase!$L:$L,$A5) -> 0 | I5: =SUM(D5:H5) -> 52 | J5: =I5/B5 -> 1
A6: 네트워크 | B6: 24 | C6: =IFERROR(B6/$B$7,0) -> 0.26966292 | D6: 20 | E6: =COUNTIFS(TestCase!$I:$I,"*"&E$2&"*",TestCase!$L:$L,$A6) -> 0 | F6: =COUNTIFS(TestCase!$I:$I,"*"&F$2&"*",TestCase!$L:$L,$A6) -> 0 | G6: =COUNTIFS(TestCase!$I:$I,"*"&G$2&"*",TestCase!$L:$L,$A6) -> 0 | H6: 4 | I6: =SUM(D6:H6) -> 24 | J6: =I6/B6 -> 1
A7: Total | B7: =SUM(B3:B6) -> 89 | C7: =SUM(C3:C6)/SUM($C$3:$C$6) -> 1 | D7: =SUM(D3:D6) -> 58 | E7: =SUM(E3:E6) -> 1 | F7: =SUM(F3:F6) -> 19 | G7: =SUM(G3:G6) -> 5 | H7: =SUM(H3:H6) -> 6 | I7: =SUM(I3:I6) -> 89
A8: Total(%) | D8: =D7/$B7 -> 0.65168539 | E8: =E7/$B7 -> 0.011235955 | F8: =F7/$B7 -> 0.21348315 | G8: =G7/$B7 -> 0.056179775 | H8: =H7/$B7 -> 0.06741573 | I8: =I7/$B7 -> 1
